{
  "peptide_code": "KS",
  "naive_acceptance": 0.22866179108619689,
  "flow_acceptance": 0.9852282333374024,
  "num_samples": 20000
}