{
  "peptide_code": "KA",
  "naive_acceptance": 0.15739630460739135,
  "flow_acceptance": 0.9601762580871582,
  "num_samples": 20000
}