{
  "peptide_code": "SA",
  "naive_acceptance": 0.2799317979812622,
  "flow_acceptance": 0.9518722152709961,
  "num_samples": 20000
}