{
  "peptide_code": "SA",
  "naive_acceptance": 0.37934832088649273,
  "flow_acceptance": 0.990202407836914,
  "num_samples": 20000
}