{
  "peptide_code": "SS",
  "naive_acceptance": 0.3954835420101881,
  "flow_acceptance": 0.9900884819030762,
  "num_samples": 20000
}