{
  "peptide_code": "KS",
  "naive_acceptance": 0.31244253873825073,
  "flow_acceptance": 0.9909891891479492,
  "num_samples": 20000
}