{
  "peptide_code": "AA",
  "naive_acceptance": 0.3806778478622437,
  "flow_acceptance": 0.9800155067443848,
  "num_samples": 20000
}