{
  "peptide_code": "AA",
  "naive_acceptance": 0.24201463006436824,
  "flow_acceptance": 0.8932175636291504,
  "num_samples": 20000
}