{
  "peptide_code": "SK",
  "naive_acceptance": 0.21099235773086547,
  "flow_acceptance": 0.9900089263916015,
  "num_samples": 20000
}