{
  "peptide_code": "SA",
  "naive_acceptance": 0.10000000000000013,
  "flow_acceptance": 0.11204435840249062,
  "num_samples": 20000
}