{
  "peptide_code": "AA",
  "naive_acceptance": 0.3806778383255005,
  "flow_acceptance": 0.8959986114501953,
  "num_samples": 20000
}