{
  "peptide_code": "AS",
  "naive_acceptance": 0.24871476501226425,
  "flow_acceptance": 0.9900121307373047,
  "num_samples": 20000
}